name,price,value_for_money,year_of_launch,total_number_of_people_in_use,total_sales,best_seller_in_which_country,best_in_tech_for_both,practical_use_case
Apple - AirTag (2-Pack) - Silver,90.96,Medium,2021,3327927,9257628,Canada,Advanced tracking capabilities with high accuracy and reliability.,Useful for keeping track of packages and travel essentials.
Apple - AirTag (4-Pack) - Silver,99.11,High,2021,1953857,9537779,UK,Top choice for efficient item tracking and secure connectivity.,Great for locating frequently used household items and gadgets.
Apple - AirTag (4-Pack) - Silver,86.14,Medium,2021,2950117,6577276,USA,Optimized for local network integration and budget-friendly features.,"Tracking keys, wallets, and other personal items."
Apple - AirTag (4-Pack) - Silver,113.69,High,2021,3727373,6722463,UK,Optimized for local network integration and budget-friendly features.,"Tracking keys, wallets, and other personal items."
Apple - AirTag (4-Pack) - Silver,90.51,Medium,2021,4691687,4353910,Canada,Advanced tracking capabilities with high accuracy and reliability.,Perfect for finding misplaced electronics and important belongings.
Apple - AirTag (4-Pack) - Silver,105.9,Medium,2023,1124289,4093888,USA,Excellent for frequent travelers with global compatibility.,Great for locating frequently used household items and gadgets.
Apple - AirTag (4-Pack) - Space Gray,80.17,Medium,2022,3145031,5435729,Canada,Affordable solution for everyday item tracking with good performance.,"Tracking keys, wallets, and other personal items."
Apple - AirTag (2-Pack) - Silver,107.14,High,2021,3326805,5120121,UK,Top choice for efficient item tracking and secure connectivity.,Best for monitoring everyday items like wallets and backpacks.
Apple - AirTag (4-Pack) - Space Gray,95.11,Medium,2023,4131672,3411389,Canada,Top choice for efficient item tracking and secure connectivity.,"Ideal for keeping tabs on luggage, pet collars, and more."
Apple - AirTag (4-Pack) - Space Gray,114.62,Medium,2022,4865980,7016258,Canada,Best for tracking personal items with seamless integration with iOS.,Best for monitoring everyday items like wallets and backpacks.
Apple - AirTag (4-Pack) - Space Gray,99.75,High,2023,4486581,6889704,Canada,Optimized for local network integration and budget-friendly features.,"Tracking keys, wallets, and other personal items."
Apple - AirTag (4-Pack) - Space Gray,112.84,High,2021,4221886,5794813,UK,Top choice for efficient item tracking and secure connectivity.,Great for locating frequently used household items and gadgets.
Apple - AirTag (2-Pack) - Silver,107.78,Medium,2022,2099858,9807282,UK,Best for tracking personal items with seamless integration with iOS.,"Tracking keys, wallets, and other personal items."
Apple - AirTag (4-Pack) - Space Gray,110.43,High,2023,2851365,8892502,Canada,Affordable solution for everyday item tracking with good performance.,"Tracking keys, wallets, and other personal items."
Apple - AirTag (2-Pack) - Silver,92.79,High,2021,2342949,8193839,UK,Excellent for frequent travelers with global compatibility.,"Ideal for keeping tabs on luggage, pet collars, and more."
Apple - AirTag (4-Pack) - Silver,108.37,High,2023,3952788,3855149,USA,Optimized for local network integration and budget-friendly features.,Great for locating frequently used household items and gadgets.
Apple - AirTag (4-Pack) - Space Gray,109.41,Medium,2021,2054018,5074067,Canada,Affordable solution for everyday item tracking with good performance.,Perfect for finding misplaced electronics and important belongings.
Apple - AirTag (2-Pack) - Silver,97.58,High,2021,3285287,5079851,Canada,Top choice for efficient item tracking and secure connectivity.,"Ideal for keeping tabs on luggage, pet collars, and more."
Apple - AirTag (2-Pack) - Silver,105.81,High,2022,1505639,4173002,Canada,Affordable solution for everyday item tracking with good performance.,Great for locating frequently used household items and gadgets.
Apple - AirTag (2-Pack) - Silver,107.68,High,2021,4063616,4941615,UK,Excellent for frequent travelers with global compatibility.,Best for monitoring everyday items like wallets and backpacks.
Apple - AirTag (2-Pack) - Silver,87.7,Medium,2023,4966148,4855991,Canada,Top choice for efficient item tracking and secure connectivity.,Great for locating frequently used household items and gadgets.
Apple - AirTag (4-Pack) - Silver,95.95,Medium,2021,3756466,3084481,USA,Best for tracking personal items with seamless integration with iOS.,Great for locating frequently used household items and gadgets.
Apple - AirTag (4-Pack) - Silver,91.65,Medium,2022,3048612,7006429,UK,Affordable solution for everyday item tracking with good performance.,Best for monitoring everyday items like wallets and backpacks.
Apple - AirTag (4-Pack) - Space Gray,80.42,High,2022,1597754,6985226,UK,Top choice for efficient item tracking and secure connectivity.,Best for monitoring everyday items like wallets and backpacks.
Apple - AirTag (2-Pack) - Silver,94.89,Medium,2023,4151972,4327171,Canada,Excellent for frequent travelers with global compatibility.,"Ideal for keeping tabs on luggage, pet collars, and more."
Apple - AirTag (4-Pack) - Space Gray,103.54,High,2021,1945781,9304451,Canada,Affordable solution for everyday item tracking with good performance.,"Tracking keys, wallets, and other personal items."
Apple - AirTag (2-Pack) - Silver,99.27,High,2023,3382897,2623686,USA,Affordable solution for everyday item tracking with good performance.,Useful for keeping track of packages and travel essentials.
Apple - AirTag (2-Pack) - Silver,110.43,Medium,2023,2230760,9510864,USA,Optimized for local network integration and budget-friendly features.,Great for locating frequently used household items and gadgets.
Apple - AirTag (2-Pack) - Silver,116.48,Medium,2023,1646978,7517439,Canada,Excellent for frequent travelers with global compatibility.,Perfect for finding misplaced electronics and important belongings.
Apple - AirTag (4-Pack) - Silver,104.25,High,2022,2290630,7548247,USA,Best for tracking personal items with seamless integration with iOS.,Great for locating frequently used household items and gadgets.
Apple - AirTag (2-Pack) - Silver,113.47,High,2023,1012454,3275855,USA,Affordable solution for everyday item tracking with good performance.,Useful for keeping track of packages and travel essentials.
Apple - AirTag (4-Pack) - Silver,118.07,High,2021,4975383,8800424,USA,Advanced tracking capabilities with high accuracy and reliability.,"Ideal for keeping tabs on luggage, pet collars, and more."
Apple - AirTag (2-Pack) - Silver,92.39,Medium,2022,3074629,2072178,USA,Optimized for local network integration and budget-friendly features.,Perfect for finding misplaced electronics and important belongings.
Apple - AirTag (4-Pack) - Silver,81.47,High,2023,3448691,8626426,USA,Top choice for efficient item tracking and secure connectivity.,Perfect for finding misplaced electronics and important belongings.
Apple - AirTag (4-Pack) - Silver,104.33,Medium,2023,4177637,4464537,USA,Excellent for frequent travelers with global compatibility.,Useful for keeping track of packages and travel essentials.
Apple - AirTag (4-Pack) - Silver,114.25,High,2021,1101231,7178710,UK,Top choice for efficient item tracking and secure connectivity.,"Ideal for keeping tabs on luggage, pet collars, and more."
Apple - AirTag (2-Pack) - Silver,98.96,High,2023,4783316,4069295,USA,Optimized for local network integration and budget-friendly features.,Useful for keeping track of packages and travel essentials.
Apple - AirTag (4-Pack) - Space Gray,115.31,High,2022,4917212,4988920,USA,Optimized for local network integration and budget-friendly features.,Useful for keeping track of packages and travel essentials.
Apple - AirTag (4-Pack) - Silver,119.12,High,2023,2638168,3439128,Canada,Optimized for local network integration and budget-friendly features.,Perfect for finding misplaced electronics and important belongings.
Apple - AirTag (4-Pack) - Space Gray,93.64,High,2022,4974658,7860982,Canada,Advanced tracking capabilities with high accuracy and reliability.,Best for monitoring everyday items like wallets and backpacks.
Apple - AirTag (2-Pack) - Silver,99.32,Medium,2021,2204940,8581170,Canada,Best for tracking personal items with seamless integration with iOS.,Useful for keeping track of packages and travel essentials.
Apple - AirTag (4-Pack) - Silver,99.07,Medium,2022,3398372,3682447,Canada,Best for tracking personal items with seamless integration with iOS.,Perfect for finding misplaced electronics and important belongings.
Apple - AirTag (4-Pack) - Silver,95.45,High,2021,3005801,7626907,USA,Advanced tracking capabilities with high accuracy and reliability.,Useful for keeping track of packages and travel essentials.
Apple - AirTag (4-Pack) - Silver,117.41,High,2022,3698635,6273566,USA,Top choice for efficient item tracking and secure connectivity.,Useful for keeping track of packages and travel essentials.
Apple - AirTag (4-Pack) - Space Gray,116.57,High,2023,1886514,5924876,USA,Advanced tracking capabilities with high accuracy and reliability.,"Tracking keys, wallets, and other personal items."
Apple - AirTag (2-Pack) - Silver,111.83,High,2023,1313973,8168954,USA,Best for tracking personal items with seamless integration with iOS.,Great for locating frequently used household items and gadgets.
Apple - AirTag (4-Pack) - Space Gray,101.61,Medium,2022,1969563,4678924,USA,Best for tracking personal items with seamless integration with iOS.,Useful for keeping track of packages and travel essentials.
Apple - AirTag (4-Pack) - Space Gray,85.1,Medium,2022,3588750,9985361,USA,Excellent for frequent travelers with global compatibility.,Best for monitoring everyday items like wallets and backpacks.
Apple - AirTag (4-Pack) - Silver,119.53,High,2023,1035041,5771784,Canada,Affordable solution for everyday item tracking with good performance.,Great for locating frequently used household items and gadgets.
Apple - AirTag (2-Pack) - Silver,99.45,Medium,2022,3549192,9824280,Canada,Affordable solution for everyday item tracking with good performance.,"Tracking keys, wallets, and other personal items."
Jio - AirTag (4-Pack) - Blue,96.48,Medium,2022,1407079,3679341,Nepal,Affordable solution for everyday item tracking with good performance.,"Tracking keys, wallets, and other personal items."
Jio - AirTag (4-Pack) - Black,75.49,Low,2022,517530,4535079,Sri Lanka,Best for tracking personal items with seamless integration with iOS.,Great for locating frequently used household items and gadgets.
Jio - AirTag (2-Pack) - Black,74.16,Low,2022,1994289,4018257,Nepal,Excellent for frequent travelers with global compatibility.,Great for locating frequently used household items and gadgets.
Jio - AirTag (4-Pack) - Blue,61.66,Low,2022,731489,3398110,Sri Lanka,Best for tracking personal items with seamless integration with iOS.,Perfect for finding misplaced electronics and important belongings.
Jio - AirTag (4-Pack) - Black,83.84,Medium,2023,1085963,3882516,India,Excellent for frequent travelers with global compatibility.,Great for locating frequently used household items and gadgets.
Jio - AirTag (2-Pack) - Black,96.34,Medium,2023,731748,1777159,Nepal,Advanced tracking capabilities with high accuracy and reliability.,Useful for keeping track of packages and travel essentials.
Jio - AirTag (2-Pack) - Black,94.04,Low,2023,550920,1018110,Nepal,Best for tracking personal items with seamless integration with iOS.,"Ideal for keeping tabs on luggage, pet collars, and more."
Jio - AirTag (4-Pack) - Black,73.79,Medium,2022,1894359,2260222,Nepal,Top choice for efficient item tracking and secure connectivity.,Useful for keeping track of packages and travel essentials.
Jio - AirTag (2-Pack) - Black,76.73,Medium,2023,1713893,1695772,Nepal,Optimized for local network integration and budget-friendly features.,Best for monitoring everyday items like wallets and backpacks.
Jio - AirTag (2-Pack) - Black,93.06,Low,2022,1950968,3713547,Sri Lanka,Advanced tracking capabilities with high accuracy and reliability.,Useful for keeping track of packages and travel essentials.
Jio - AirTag (4-Pack) - Blue,94,Low,2022,1974167,3695155,Nepal,Top choice for efficient item tracking and secure connectivity.,Perfect for finding misplaced electronics and important belongings.
Jio - AirTag (4-Pack) - Black,82.82,Medium,2023,832487,3319003,Sri Lanka,Excellent for frequent travelers with global compatibility.,"Ideal for keeping tabs on luggage, pet collars, and more."
Jio - AirTag (4-Pack) - Black,91.97,Low,2022,1794916,3116212,Sri Lanka,Excellent for frequent travelers with global compatibility.,Best for monitoring everyday items like wallets and backpacks.
Jio - AirTag (4-Pack) - Blue,79.09,Low,2023,1815255,4563271,Sri Lanka,Excellent for frequent travelers with global compatibility.,Best for monitoring everyday items like wallets and backpacks.
Jio - AirTag (4-Pack) - Blue,76,Medium,2022,1614500,1829495,India,Advanced tracking capabilities with high accuracy and reliability.,Useful for keeping track of packages and travel essentials.
Jio - AirTag (4-Pack) - Black,67.61,Medium,2022,1965398,2438586,Nepal,Optimized for local network integration and budget-friendly features.,Useful for keeping track of packages and travel essentials.
Jio - AirTag (4-Pack) - Blue,72.98,Low,2022,1982242,1273001,Nepal,Affordable solution for everyday item tracking with good performance.,Useful for keeping track of packages and travel essentials.
Jio - AirTag (4-Pack) - Blue,90.98,Medium,2023,1552500,4572345,Nepal,Affordable solution for everyday item tracking with good performance.,"Ideal for keeping tabs on luggage, pet collars, and more."
Jio - AirTag (2-Pack) - Black,65.3,Low,2023,582611,2449990,Nepal,Excellent for frequent travelers with global compatibility.,"Tracking keys, wallets, and other personal items."
Jio - AirTag (4-Pack) - Black,88.93,Medium,2022,1097769,3639187,Sri Lanka,Affordable solution for everyday item tracking with good performance.,"Tracking keys, wallets, and other personal items."
Jio - AirTag (2-Pack) - Black,64.92,Low,2022,778793,4464966,Sri Lanka,Affordable solution for everyday item tracking with good performance.,Perfect for finding misplaced electronics and important belongings.
Jio - AirTag (4-Pack) - Blue,91.24,Low,2023,1141376,2768884,Sri Lanka,Optimized for local network integration and budget-friendly features.,Best for monitoring everyday items like wallets and backpacks.
Jio - AirTag (4-Pack) - Black,64.93,Medium,2022,1854487,1616640,Nepal,Advanced tracking capabilities with high accuracy and reliability.,Perfect for finding misplaced electronics and important belongings.
Jio - AirTag (2-Pack) - Black,97.39,Medium,2023,820020,4530138,Nepal,Optimized for local network integration and budget-friendly features.,Perfect for finding misplaced electronics and important belongings.
Jio - AirTag (2-Pack) - Black,62.52,Medium,2023,1608315,3769672,Nepal,Affordable solution for everyday item tracking with good performance.,"Tracking keys, wallets, and other personal items."
Jio - AirTag (2-Pack) - Black,80.83,Low,2022,1266236,3014954,Nepal,Excellent for frequent travelers with global compatibility.,"Ideal for keeping tabs on luggage, pet collars, and more."
Jio - AirTag (2-Pack) - Black,90.88,Low,2023,1390255,3390942,Sri Lanka,Top choice for efficient item tracking and secure connectivity.,Great for locating frequently used household items and gadgets.
Jio - AirTag (4-Pack) - Black,83.62,Medium,2023,1457756,1331388,India,Affordable solution for everyday item tracking with good performance.,Best for monitoring everyday items like wallets and backpacks.
Jio - AirTag (4-Pack) - Blue,67.84,Medium,2022,1721624,4108791,Nepal,Best for tracking personal items with seamless integration with iOS.,Great for locating frequently used household items and gadgets.
Jio - AirTag (2-Pack) - Black,82.92,Medium,2022,1670257,2601327,India,Affordable solution for everyday item tracking with good performance.,Useful for keeping track of packages and travel essentials.
Jio - AirTag (4-Pack) - Blue,89.69,Low,2022,701586,3757744,Sri Lanka,Affordable solution for everyday item tracking with good performance.,Best for monitoring everyday items like wallets and backpacks.
Jio - AirTag (4-Pack) - Blue,97.11,Low,2023,1466764,2207054,Sri Lanka,Affordable solution for everyday item tracking with good performance.,Best for monitoring everyday items like wallets and backpacks.
Jio - AirTag (2-Pack) - Black,81.14,Low,2023,1731342,4881568,India,Affordable solution for everyday item tracking with good performance.,"Tracking keys, wallets, and other personal items."
Jio - AirTag (2-Pack) - Black,63.37,Medium,2022,1234799,2364627,Nepal,Affordable solution for everyday item tracking with good performance.,Perfect for finding misplaced electronics and important belongings.
Jio - AirTag (4-Pack) - Blue,77.1,Medium,2022,810821,1732647,India,Best for tracking personal items with seamless integration with iOS.,Great for locating frequently used household items and gadgets.
Jio - AirTag (4-Pack) - Black,90.18,Low,2022,1931744,1467878,India,Top choice for efficient item tracking and secure connectivity.,"Tracking keys, wallets, and other personal items."
Jio - AirTag (4-Pack) - Black,67.11,Medium,2023,909315,4854199,Sri Lanka,Affordable solution for everyday item tracking with good performance.,Best for monitoring everyday items like wallets and backpacks.
Jio - AirTag (4-Pack) - Blue,87.96,Low,2023,1859791,4028030,India,Top choice for efficient item tracking and secure connectivity.,"Tracking keys, wallets, and other personal items."
Jio - AirTag (2-Pack) - Black,93.13,Medium,2022,683176,4914145,Sri Lanka,Excellent for frequent travelers with global compatibility.,Best for monitoring everyday items like wallets and backpacks.
Jio - AirTag (4-Pack) - Black,61.41,Low,2023,516514,1678502,Nepal,Affordable solution for everyday item tracking with good performance.,Best for monitoring everyday items like wallets and backpacks.
Jio - AirTag (2-Pack) - Black,66.51,Medium,2022,1212980,2726392,Nepal,Excellent for frequent travelers with global compatibility.,Great for locating frequently used household items and gadgets.
Jio - AirTag (2-Pack) - Black,71.17,Low,2022,1660632,3725190,India,Excellent for frequent travelers with global compatibility.,"Ideal for keeping tabs on luggage, pet collars, and more."
Jio - AirTag (4-Pack) - Black,67.05,Medium,2022,811872,3927691,India,Excellent for frequent travelers with global compatibility.,Best for monitoring everyday items like wallets and backpacks.
Jio - AirTag (4-Pack) - Blue,98.35,Low,2023,1921201,2856005,India,Affordable solution for everyday item tracking with good performance.,Great for locating frequently used household items and gadgets.
Jio - AirTag (2-Pack) - Black,88.47,Medium,2023,854253,1128667,Sri Lanka,Advanced tracking capabilities with high accuracy and reliability.,"Tracking keys, wallets, and other personal items."
Jio - AirTag (4-Pack) - Black,68.53,Medium,2023,578572,1839146,India,Advanced tracking capabilities with high accuracy and reliability.,Useful for keeping track of packages and travel essentials.
Jio - AirTag (4-Pack) - Black,80.51,Low,2023,1853050,3023384,Nepal,Top choice for efficient item tracking and secure connectivity.,Great for locating frequently used household items and gadgets.
Jio - AirTag (4-Pack) - Blue,93.75,Medium,2023,1459541,4030676,Sri Lanka,Best for tracking personal items with seamless integration with iOS.,Best for monitoring everyday items like wallets and backpacks.
Jio - AirTag (4-Pack) - Blue,84.68,Medium,2022,818601,4975089,India,Affordable solution for everyday item tracking with good performance.,"Tracking keys, wallets, and other personal items."
Jio - AirTag (4-Pack) - Black,73.41,Medium,2023,1197579,1152870,Sri Lanka,Advanced tracking capabilities with high accuracy and reliability.,Best for monitoring everyday items like wallets and backpacks.
